{
  "0": {
    "precision": 0.7301492537313433,
    "recall": 0.9032496307237814,
    "f1-score": 0.8075272367117861,
    "support": 1354.0
  },
  "1": {
    "precision": 0.8074270557029177,
    "recall": 0.9366153846153846,
    "f1-score": 0.8672364672364672,
    "support": 1625.0
  },
  "2": {
    "precision": 0.8626609442060086,
    "recall": 0.29193899782135074,
    "f1-score": 0.4362452523060228,
    "support": 1377.0
  },
  "3": {
    "precision": 0.7395543175487466,
    "recall": 0.37341772151898733,
    "f1-score": 0.49626168224299066,
    "support": 1422.0
  },
  "4": {
    "precision": 0.85,
    "recall": 0.13443565780014377,
    "f1-score": 0.23215394165114836,
    "support": 1391.0
  },
  "5": {
    "precision": 0.5979381443298969,
    "recall": 0.045136186770428015,
    "f1-score": 0.08393632416787265,
    "support": 1285.0
  },
  "6": {
    "precision": 0.6424870466321243,
    "recall": 0.9365558912386707,
    "f1-score": 0.762138905961893,
    "support": 1324.0
  },
  "7": {
    "precision": 0.9071274298056156,
    "recall": 0.298083747338538,
    "f1-score": 0.44871794871794873,
    "support": 1409.0
  },
  "8": {
    "precision": 0.3058750388560771,
    "recall": 0.6852367688022284,
    "f1-score": 0.4229529335912315,
    "support": 1436.0
  },
  "9": {
    "precision": 0.392610393511565,
    "recall": 0.9491648511256354,
    "f1-score": 0.5554611134721632,
    "support": 1377.0
  },
  "accuracy": 0.5624285714285714,
  "macro avg": {
    "precision": 0.6835829624324294,
    "recall": 0.5553834837755149,
    "f1-score": 0.5112631806059524,
    "support": 14000.0
  },
  "weighted avg": {
    "precision": 0.6856841711613704,
    "recall": 0.5624285714285714,
    "f1-score": 0.5180982242042658,
    "support": 14000.0
  }
}