{
  "Naive Bayes": {
    "best_accuracy": 0.5384498480243161,
    "best_params": {
      "classifier__alpha": 0.05808361216819946
    }
  }
}