{
<<<<<<< HEAD
  "Naive Bayes": {
    "best_accuracy": 0.8187857142857143,
    "best_params": {
      "classifier__alpha": 0.05808361216819946
    }
  }
}
=======
    "logistic_regression": {
        "best_accuracy": 0.9199285714285714,
        "best_params": {
            "classifier__C": 1.6176755124355395,
            "classifier__tol": 0.00127722364893473
        }
    },
    "knn": {
        "best_accuracy": 0.9635714285714285,
        "best_params": {
            "classifier__n_neighbors": 4,
            "classifier__p": 1,
            "classifier__weights": "distance"
        }
    }
}

>>>>>>> b1467c6b3739e0e554a42642820e78c0f2b55a9a
