{
  "class_labels": [
    0,
    1,
    2,
    3,
    4,
    5,
    6,
    7,
    8,
    9,
    10,
    11,
    12,
    13,
    14,
    15,
    16,
    17,
    18,
    19,
    20,
    21,
    22,
    23,
    24,
    25,
    26,
    27,
    28,
    29,
    30,
    31,
    32,
    33,
    34,
    35,
    36,
    37,
    38,
    39,
    40,
    41,
    42,
    43,
    44,
    45,
    46
  ],
  "roc_auc_macro_ovr": 0.9646891001028035,
  "roc_curves": {
    "0": {
      "fpr": [
        0.0,
        0.0006987577639751553,
        0.005046583850931677,
        0.010830745341614907,
        0.02010869565217391,
        0.035597826086956524,
        1.0
      ],
      "tpr": [
        0.0,
        0.10892857142857143,
        0.32321428571428573,
        0.5589285714285714,
        0.775,
        0.925,
        1.0
      ]
    },
    "1": {
      "fpr": [
        0.0,
        0.0008542030673655601,
        0.004038050863909921,
        0.011881188118811881,
        0.023684721413317802,
        0.039293341098815764,
        1.0
      ],
      "tpr": [
        0.0,
        0.06371681415929203,
        0.22831858407079647,
        0.5132743362831859,
        0.7592920353982301,
        0.9256637168141593,
        1.0
      ]
    },
    "2": {
      "fpr": [
        0.0,
        0.00011637379262190155,
        0.00034912137786570463,
        0.0015904418324993212,
        0.004189456534388456,
        0.013344194887311377,
        1.0
      ],
      "tpr": [
        0.0,
        0.47689463955637706,
        0.6635859519408502,
        0.7652495378927912,
        0.8428835489833642,
        0.9353049907578558,
        1.0
      ]
    },
    "3": {
      "fpr": [
        0.0,
        0.00023297351867671042,
        0.0005436048769123243,
        0.0015143278713986178,
        0.0037664052186068184,
        0.011376873495379358,
        1.0
      ],
      "tpr": [
        0.0,
        0.7685512367491166,
        0.872791519434629,
        0.9134275618374559,
        0.9381625441696113,
        0.9646643109540636,
        1.0
      ]
    },
    "4": {
      "fpr": [
        0.0,
        0.0002713178294573643,
        0.0011627906976744186,
        0.002674418604651163,
        0.00565891472868217,
        0.015852713178294574,
        1.0
      ],
      "tpr": [
        0.0,
        0.49423076923076925,
        0.6807692307692308,
        0.8134615384615385,
        0.9,
        0.9442307692307692,
        1.0
      ]
    },
    "5": {
      "fpr": [
        0.0,
        0.0001941747572815534,
        0.0005436893203883495,
        0.002097087378640777,
        0.005359223300970874,
        0.01603883495145631,
        1.0
      ],
      "tpr": [
        0.0,
        0.41403508771929826,
        0.6210526315789474,
        0.7491228070175439,
        0.856140350877193,
        0.9350877192982456,
        1.0
      ]
    },
    "6": {
      "fpr": [
        0.0,
        0.00034922975437507277,
        0.0015133289356253153,
        0.0025998215047922085,
        0.004889216561251019,
        0.012727484381669318,
        1.0
      ],
      "tpr": [
        0.0,
        0.639344262295082,
        0.8051001821493625,
        0.8888888888888888,
        0.930783242258652,
        0.97632058287796,
        1.0
      ]
    },
    "7": {
      "fpr": [
        0.0,
        0.0003103180760279286,
        0.0010861132660977503,
        0.0019006982156710628,
        0.0032583397982932504,
        0.008494957331264546,
        1.0
      ],
      "tpr": [
        0.0,
        0.8203703703703704,
        0.8925925925925926,
        0.9296296296296296,
        0.9555555555555556,
        0.9796296296296296,
        1.0
      ]
    },
    "8": {
      "fpr": [
        0.0,
        0.00042673701361679015,
        0.0009310625751639058,
        0.001784536602397486,
        0.0039958102184117624,
        0.013345230244015984,
        1.0
      ],
      "tpr": [
        0.0,
        0.48987108655616945,
        0.6611418047882136,
        0.7790055248618785,
        0.850828729281768,
        0.9300184162062615,
        1.0
      ]
    },
    "9": {
      "fpr": [
        0.0,
        0.0008933079582087234,
        0.004116984503048899,
        0.00866120324698023,
        0.01619606167708859,
        0.02885773099778615,
        1.0
      ],
      "tpr": [
        0.0,
        0.14834205933682373,
        0.3961605584642234,
        0.6788830715532286,
        0.8603839441535777,
        0.956369982547993,
        1.0
      ]
    },
    "10": {
      "fpr": [
        0.0,
        0.00038816862044872293,
        0.0008927878270320628,
        0.001591491343839764,
        0.0029888983774551663,
        0.010092384131666797,
        1.0
      ],
      "tpr": [
        0.0,
        0.496415770609319,
        0.7186379928315412,
        0.8136200716845878,
        0.899641577060932,
        0.9659498207885304,
        1.0
      ]
    },
    "11": {
      "fpr": [
        0.0,
        0.00011655917320693139,
        0.00023311834641386278,
        0.0007770611547128759,
        0.0017483875981039708,
        0.008275701297692128,
        1.0
      ],
      "tpr": [
        0.0,
        0.29896907216494845,
        0.5223367697594502,
        0.697594501718213,
        0.8195876288659794,
        0.9054982817869416,
        1.0
      ]
    },
    "12": {
      "fpr": [
        0.0,
        0.000543773790103317,
        0.001475957430280432,
        0.002990755845568244,
        0.0073021051813874,
        0.01817758098345374,
        1.0
      ],
      "tpr": [
        0.0,
        0.7073170731707317,
        0.8588850174216028,
        0.9181184668989547,
        0.9512195121951219,
        0.9790940766550522,
        1.0
      ]
    },
    "13": {
      "fpr": [
        0.0,
        7.751637533428937e-05,
        0.0002713073136700128,
        0.0009301965040114724,
        0.0029843804503701405,
        0.01166621448781055,
        1.0
      ],
      "tpr": [
        0.0,
        0.4258188824662813,
        0.6223506743737958,
        0.74373795761079,
        0.8516377649325626,
        0.9325626204238922,
        1.0
      ]
    },
    "14": {
      "fpr": [
        0.0,
        3.8828919779451735e-05,
        0.00019414459889725868,
        0.0003106313582356139,
        0.0012425254329424555,
        0.009008309388832802,
        1.0
      ],
      "tpr": [
        0.0,
        0.5865724381625441,
        0.7597173144876325,
        0.8356890459363958,
        0.8939929328621908,
        0.9399293286219081,
        1.0
      ]
    },
    "15": {
      "fpr": [
        0.0,
        0.0006208047181158577,
        0.0019400147441120553,
        0.006091646296511853,
        0.01299809878555077,
        0.02906142086679859,
        1.0
      ],
      "tpr": [
        0.0,
        0.15539305301645337,
        0.29981718464351004,
        0.47714808043875684,
        0.6782449725776966,
        0.8848263254113345,
        1.0
      ]
    },
    "16": {
      "fpr": [
        0.0,
        0.00015531567911780694,
        0.0003106313582356139,
        0.0008542362351479382,
        0.0024073930263260076,
        0.008387046672361575,
        1.0
      ],
      "tpr": [
        0.0,
        0.4787985865724382,
        0.6484098939929329,
        0.773851590106007,
        0.8692579505300353,
        0.941696113074205,
        1.0
      ]
    },
    "17": {
      "fpr": [
        0.0,
        0.00015545451012397498,
        0.0006606816680268937,
        0.0013990905911157748,
        0.003536590105320431,
        0.011270451983988185,
        1.0
      ],
      "tpr": [
        0.0,
        0.6213921901528013,
        0.7809847198641766,
        0.8624787775891342,
        0.9371816638370118,
        0.9796264855687606,
        1.0
      ]
    },
    "18": {
      "fpr": [
        0.0,
        0.00042696890890036096,
        0.0022124752552109615,
        0.006404533633505414,
        0.014555758257966851,
        0.034506850910220085,
        1.0
      ],