{
  "0": {
    "precision": 0.8446601941747572,
    "recall": 0.8130841121495327,
    "f1-score": 0.8285714285714286,
    "support": 107.0
  },
  "1": {
    "precision": 0.7938144329896907,
    "recall": 0.8279569892473119,
    "f1-score": 0.8105263157894737,
    "support": 93.0
  },
  "accuracy": 0.82,
  "macro avg": {
    "precision": 0.819237313582224,
    "recall": 0.8205205506984223,
    "f1-score": 0.8195488721804511,
    "support": 200.0
  },
  "weighted avg": {
    "precision": 0.8210169152237013,
    "recall": 0.82,
    "f1-score": 0.8201804511278195,
    "support": 200.0
  }
}