{
  "0": {
    "precision": 0.6767676767676768,
    "recall": 0.6261682242990654,
    "f1-score": 0.6504854368932039,
    "support": 107.0
  },
  "1": {
    "precision": 0.6039603960396039,
    "recall": 0.6559139784946236,
    "f1-score": 0.6288659793814433,
    "support": 93.0
  },
  "accuracy": 0.64,
  "macro avg": {
    "precision": 0.6403640364036404,
    "recall": 0.6410411013968444,
    "f1-score": 0.6396757081373237,
    "support": 200.0
  },
  "weighted avg": {
    "precision": 0.6429122912291229,
    "recall": 0.64,
    "f1-score": 0.6404323891502353,
    "support": 200.0
  }
}