{
  "0": {
    "precision": 0.5986394557823129,
    "recall": 0.6285714285714286,
    "f1-score": 0.6132404181184669,
    "support": 560.0
  },
  "1": {
    "precision": 0.47715736040609136,
    "recall": 0.6654867256637168,
    "f1-score": 0.5558019216555802,
    "support": 565.0
  },
  "2": {
    "precision": 0.7271028037383177,
    "recall": 0.7190388170055453,
    "f1-score": 0.7230483271375465,
    "support": 541.0
  },
  "3": {
    "precision": 0.851063829787234,
    "recall": 0.8480565371024735,
    "f1-score": 0.8495575221238938,
    "support": 566.0
  },
  "4": {
    "precision": 0.6642066420664207,
    "recall": 0.6923076923076923,
    "f1-score": 0.6779661016949152,
    "support": 520.0
  },
  "5": {
    "precision": 0.6944971537001897,
    "recall": 0.6421052631578947,
    "f1-score": 0.6672743846855059,
    "support": 570.0
  },
  "6": {
    "precision": 0.8202247191011236,
    "recall": 0.7978142076502732,
    "f1-score": 0.8088642659279779,
    "support": 549.0
  },
  "7": {
    "precision": 0.8523131672597865,
    "recall": 0.8870370370370371,
    "f1-score": 0.8693284936479129,
    "support": 540.0
  },
  "8": {
    "precision": 0.6943907156673114,
    "recall": 0.6611418047882136,
    "f1-score": 0.6773584905660377,
    "support": 543.0
  },
  "9": {
    "precision": 0.6473149492017417,
    "recall": 0.7783595113438045,
    "f1-score": 0.7068145800316957,
    "support": 573.0
  },
  "10": {
    "precision": 0.6829679595278246,
    "recall": 0.7258064516129032,
    "f1-score": 0.7037358818418766,
    "support": 558.0
  },
  "11": {
    "precision": 0.7889087656529516,
    "recall": 0.7577319587628866,
    "f1-score": 0.7730061349693251,
    "support": 582.0
  },
  "12": {
    "precision": 0.7566225165562914,
    "recall": 0.7961672473867596,
    "f1-score": 0.7758913412563667,
    "support": 574.0
  },
  "13": {
    "precision": 0.7635658914728682,
    "recall": 0.7591522157996147,
    "f1-score": 0.7613526570048309,
    "support": 519.0
  },
  "14": {
    "precision": 0.7814207650273224,
    "recall": 0.7579505300353356,
    "f1-score": 0.7695067264573991,
    "support": 566.0
  },
  "15": {
    "precision": 0.5205811138014528,
    "recall": 0.3930530164533821,
    "f1-score": 0.4479166666666667,
    "support": 547.0
  },
  "16": {
    "precision": 0.7936802973977695,
    "recall": 0.7544169611307421,
    "f1-score": 0.7735507246376812,
    "support": 566.0
  },
  "17": {
    "precision": 0.772887323943662,
    "recall": 0.7453310696095077,
    "f1-score": 0.7588591184096802,
    "support": 589.0
  },
  "18": {
    "precision": 0.5151515151515151,
    "recall": 0.4883303411131059,
    "f1-score": 0.5013824884792627,
    "support": 557.0
  },
  "19": {
    "precision": 0.6463815789473685,
    "recall": 0.7043010752688172,
    "f1-score": 0.6740994854202401,
    "support": 558.0
  },
  "20": {
    "precision": 0.6492805755395683,
    "recall": 0.6423487544483986,
    "f1-score": 0.6457960644007156,
    "support": 562.0
  },
  "21": {
    "precision": 0.42410714285714285,
    "recall": 0.32148900169204736,
    "f1-score": 0.36573628488931664,
    "support": 591.0
  },
  "22": {
    "precision": 0.8355481727574751,
    "recall": 0.8510998307952623,
    "f1-score": 0.8432523051131601,
    "support": 591.0
  },
  "23": {
    "precision": 0.6831501831501832,
    "recall": 0.72568093385214,
    "f1-score": 0.7037735849056603,
    "support": 514.0
  },
  "24": {
    "precision": 0.571157495256167,
    "recall": 0.5668549905838042,
    "f1-score": 0.5689981096408318,
    "support": 531.0
  },
  "25": {
    "precision": 0.7295081967213115,
    "recall": 0.8444022770398482,
    "f1-score": 0.7827616534740546,
    "support": 527.0
  },
  "26": {
    "precision": 0.7133220910623946,
    "recall": 0.6934426229508197,
    "f1-score": 0.7032418952618454,
    "support": 610.0
  },
  "27": {
    "precision": 0.685546875,
    "recall": 0.6673003802281369,
    "f1-score": 0.6763005780346821,
    "support": 526.0
  },
  "28": {
    "precision": 0.7532228360957642,
    "recall": 0.715034965034965,
    "f1-score": 0.7336322869955157,
    "support": 572.0
  },
  "29": {
    "precision": 0.7807153965785381,
    "recall": 0.8465430016863407,
    "f1-score": 0.8122977346278317,
    "support": 593.0
  },
  "30": {
    "precision": 0.7589285714285714,
    "recall": 0.7203389830508474,
    "f1-score": 0.7391304347826086,
    "support": 590.0
  },
  "31": {
    "precision": 0.7322970639032815,
    "recall": 0.7399650959860384,
    "f1-score": 0.7361111111111112,
    "support": 573.0
  },
  "32": {
    "precision": 0.8473967684021544,
    "recall": 0.8644688644688645,
    "f1-score": 0.8558476881233001,
    "support": 546.0
  },
  "33": {
    "precision": 0.7495327102803738,
    "recall": 0.7264492753623188,
    "f1-score": 0.7378104875804968,
    "support": 552.0
  },
  "34": {
    "precision": 0.6570397111913358,
    "recall": 0.6642335766423357,
    "f1-score": 0.6606170598911071,
    "support": 548.0
  },
  "35": {
    "precision": 0.723404255319149,
    "recall": 0.6470588235294118,
    "f1-score": 0.6831050228310502,
    "support": 578.0
  },
  "36": {
    "precision": 0.6146616541353384,
    "recall": 0.5891891891891892,
    "f1-score": 0.6016559337626495,
    "support": 555.0
  },
  "37": {
    "precision": 0.7798319327731092,
    "recall": 0.8421052631578947,
    "f1-score": 0.8097731239092496,
    "support": 551.0
  },
  "38": {
    "precision": 0.7672849915682968,
    "recall": 0.8394833948339483,
    "f1-score": 0.801762114537445,
    "support": 542.0
  },
  "39": {
    "precision": 0.7967032967032966,
    "recall": 0.7372881355932204,
    "f1-score": 0.7658450704225352,
    "support": 590.0
  },
  "40": {
    "precision": 0.5102739726027398,
    "recall": 0.5528756957328386,
    "f1-score": 0.5307212822796082,
    "support": 539.0
  },
  "41": {
    "precision": 0.5163727959697733,
    "recall": 0.36283185840707965,
    "f1-score": 0.4261954261954262,
    "support": 565.0
  },
  "42": {
    "precision": 0.752827140549273,
    "recall": 0.8076256499133448,
    "f1-score": 0.7792642140468228,
    "support": 577.0
  },
  "43": {
    "precision": 0.8189509306260575,
    "recall": 0.8217317487266553,
    "f1-score": 0.8203389830508474,
    "support": 589.0
  },
  "44": {
    "precision": 0.4316702819956616,
    "recall": 0.34851138353765326,
    "f1-score": 0.3856589147286822,
    "support": 571.0
  },
  "45": {
    "precision": 0.7491289198606271,
    "recall": 0.8097928436911488,
    "f1-score": 0.7782805429864253,
    "support": 531.0
  },
  "46": {
    "precision": 0.5689102564102564,
    "recall": 0.6305506216696269,
    "f1-score": 0.5981465880370682,
    "support": 563.0
  },
  "accuracy": 0.6973024316109423,
  "macro avg": {
    "precision": 0.6946777179346254,
    "recall": 0.6974650436937302,
    "f1-score": 0.6943534090713386,
    "support": 26320.0
  },
  "weighted avg": {
    "precision": 0.6950684166110909,
    "recall": 0.6973024316109423,
    "f1-score": 0.6944569078440936,
    "support": 26320.0
  }
}