{
  "0": {
    "precision": 0.4684931506849315,
    "recall": 0.6107142857142858,
    "f1-score": 0.5302325581395348,
    "support": 560.0
  },
  "1": {
    "precision": 0.42,
    "recall": 0.6690265486725664,
    "f1-score": 0.5160409556313993,
    "support": 565.0
  },
  "2": {
    "precision": 0.8493150684931506,
    "recall": 0.8022181146025879,
    "f1-score": 0.8250950570342205,
    "support": 541.0
  },
  "3": {
    "precision": 0.8624595469255664,
    "recall": 0.941696113074205,
    "f1-score": 0.9003378378378378,
    "support": 566.0
  },
  "4": {
    "precision": 0.7754749568221071,
    "recall": 0.8634615384615385,
    "f1-score": 0.8171064604185623,
    "support": 520.0
  },
  "5": {
    "precision": 0.8428030303030303,
    "recall": 0.7807017543859649,
    "f1-score": 0.8105646630236795,
    "support": 570.0
  },
  "6": {
    "precision": 0.8275290215588723,
    "recall": 0.9089253187613844,
    "f1-score": 0.8663194444444444,
    "support": 549.0
  },
  "7": {
    "precision": 0.8726333907056799,
    "recall": 0.9388888888888889,
    "f1-score": 0.9045495093666369,
    "support": 540.0
  },
  "8": {
    "precision": 0.8400735294117647,
    "recall": 0.8416206261510129,
    "f1-score": 0.8408463661453542,
    "support": 543.0
  },
  "9": {
    "precision": 0.5668711656441717,
    "recall": 0.806282722513089,
    "f1-score": 0.6657060518731989,
    "support": 573.0
  },
  "10": {
    "precision": 0.8649122807017544,
    "recall": 0.8835125448028673,
    "f1-score": 0.874113475177305,
    "support": 558.0
  },
  "11": {
    "precision": 0.9382716049382716,
    "recall": 0.7835051546391752,
    "f1-score": 0.8539325842696629,
    "support": 582.0
  },
  "12": {
    "precision": 0.8099547511312217,
    "recall": 0.9355400696864111,
    "f1-score": 0.8682295877122069,
    "support": 574.0
  },
  "13": {
    "precision": 0.8879120879120879,
    "recall": 0.7784200385356455,
    "f1-score": 0.8295687885010267,
    "support": 519.0
  },
  "14": {
    "precision": 0.958904109589041,
    "recall": 0.8657243816254417,
    "f1-score": 0.9099350046425255,
    "support": 566.0
  },
  "15": {
    "precision": 0.583969465648855,
    "recall": 0.5594149908592322,
    "f1-score": 0.5714285714285714,
    "support": 547.0
  },
  "16": {
    "precision": 0.926829268292683,
    "recall": 0.8056537102473498,
    "f1-score": 0.8620037807183365,
    "support": 566.0
  },
  "17": {
    "precision": 0.8947368421052632,
    "recall": 0.8947368421052632,
    "f1-score": 0.8947368421052632,
    "support": 589.0
  },
  "18": {
    "precision": 0.5675182481751825,
    "recall": 0.5583482944344704,
    "f1-score": 0.56289592760181,
    "support": 557.0
  },
  "19": {
    "precision": 0.8522522522522522,
    "recall": 0.8476702508960573,
    "f1-score": 0.8499550763701708,
    "support": 558.0
  },
  "20": {
    "precision": 0.9199255121042831,
    "recall": 0.8790035587188612,
    "f1-score": 0.8989990900818926,
    "support": 562.0
  },
  "21": {
    "precision": 0.5112474437627812,
    "recall": 0.4230118443316413,
    "f1-score": 0.46296296296296297,
    "support": 591.0
  },
  "22": {
    "precision": 0.9657657657657658,
    "recall": 0.9069373942470389,
    "f1-score": 0.9354275741710296,
    "support": 591.0
  },
  "23": {
    "precision": 0.8715596330275229,
    "recall": 0.9241245136186771,
    "f1-score": 0.8970727101038716,
    "support": 514.0
  },
  "24": {
    "precision": 0.5178849144634525,
    "recall": 0.6271186440677966,
    "f1-score": 0.5672913117546848,
    "support": 531.0
  },
  "25": {
    "precision": 0.7847682119205298,
    "recall": 0.8994307400379506,
    "f1-score": 0.8381962864721485,
    "support": 527.0
  },
  "26": {
    "precision": 0.9183673469387755,
    "recall": 0.6639344262295082,
    "f1-score": 0.7706945765937203,
    "support": 610.0
  },
  "27": {
    "precision": 0.9230769230769231,
    "recall": 0.752851711026616,
    "f1-score": 0.8293193717277487,
    "support": 526.0
  },
  "28": {
    "precision": 0.7902208201892744,
    "recall": 0.8758741258741258,
    "f1-score": 0.8308457711442786,
    "support": 572.0
  },
  "29": {
    "precision": 0.8300751879699249,
    "recall": 0.9308600337268128,
    "f1-score": 0.8775834658187599,
    "support": 593.0
  },
  "30": {
    "precision": 0.8754208754208754,
    "recall": 0.8813559322033898,
    "f1-score": 0.8783783783783784,
    "support": 590.0
  },
  "31": {
    "precision": 0.8475409836065574,
    "recall": 0.9022687609075044,
    "f1-score": 0.8740490278951818,
    "support": 573.0
  },
  "32": {
    "precision": 0.9787234042553191,
    "recall": 0.9267399267399268,
    "f1-score": 0.9520225776105362,
    "support": 546.0
  },
  "33": {
    "precision": 0.9782178217821782,
    "recall": 0.894927536231884,
    "f1-score": 0.934720908230842,
    "support": 552.0
  },
  "34": {
    "precision": 0.8463251670378619,
    "recall": 0.6934306569343066,
    "f1-score": 0.7622868605817452,
    "support": 548.0
  },
  "35": {
    "precision": 0.846286701208981,
    "recall": 0.8477508650519031,
    "f1-score": 0.8470181503889369,
    "support": 578.0
  },
  "36": {
    "precision": 0.7920433996383364,
    "recall": 0.7891891891891892,
    "f1-score": 0.7906137184115524,
    "support": 555.0
  },
  "37": {
    "precision": 0.884469696969697,
    "recall": 0.8475499092558983,
    "f1-score": 0.865616311399444,
    "support": 551.0
  },
  "38": {
    "precision": 0.9379699248120301,
    "recall": 0.9206642066420664,
    "f1-score": 0.9292364990689013,
    "support": 542.0
  },
  "39": {
    "precision": 0.8802588996763754,
    "recall": 0.9220338983050848,
    "f1-score": 0.9006622516556292,
    "support": 590.0
  },
  "40": {
    "precision": 0.5983086680761099,
    "recall": 0.5250463821892394,
    "f1-score": 0.5592885375494071,
    "support": 539.0
  },
  "41": {
    "precision": 0.7584097859327217,
    "recall": 0.4389380530973451,
    "f1-score": 0.5560538116591929,
    "support": 565.0
  },
  "42": {
    "precision": 0.8697068403908795,
    "recall": 0.925476603119584,
    "f1-score": 0.8967254408060453,
    "support": 577.0
  },
  "43": {
    "precision": 0.9098639455782312,
    "recall": 0.9083191850594228,
    "f1-score": 0.9090909090909091,
    "support": 589.0
  },
  "44": {
    "precision": 0.6303191489361702,
    "recall": 0.415061295971979,
    "f1-score": 0.5005279831045406,
    "support": 571.0
  },
  "45": {
    "precision": 0.8432343234323433,
    "recall": 0.9623352165725048,
    "f1-score": 0.8988566402814424,
    "support": 531.0
  },
  "46": {
    "precision": 0.8205128205128205,
    "recall": 0.738898756660746,
    "f1-score": 0.7775700934579439,
    "support": 563.0
  },
  "accuracy": 0.797644376899696,
  "macro avg": {
    "precision": 0.8072642114421831,
    "recall": 0.7978552245759244,
    "f1-score": 0.7977597821881589,
    "support": 26320.0
  },
  "weighted avg": {
    "precision": 0.807605845518423,
    "recall": 0.797644376899696,
    "f1-score": 0.7977757344463811,
    "support": 26320.0
  }
}