{
  "0": {
    "precision": 0.6183206106870229,
    "recall": 0.7570093457943925,
    "f1-score": 0.680672268907563,
    "support": 107.0
  },
  "1": {
    "precision": 0.6231884057971014,
    "recall": 0.46236559139784944,
    "f1-score": 0.5308641975308642,
    "support": 93.0
  },
  "accuracy": 0.62,
  "macro avg": {
    "precision": 0.6207545082420622,
    "recall": 0.609687468596121,
    "f1-score": 0.6057682332192136,
    "support": 200.0
  },
  "weighted avg": {
    "precision": 0.6205841354132094,
    "recall": 0.62,
    "f1-score": 0.6110115157173981,
    "support": 200.0
  }
}