{
  "0": {
    "precision": 0.47950819672131145,
    "recall": 0.41785714285714287,
    "f1-score": 0.44656488549618323,
    "support": 560.0
  },
  "1": {
    "precision": 0.42090124640460214,
    "recall": 0.7769911504424779,
    "f1-score": 0.5460199004975125,
    "support": 565.0
  },
  "2": {
    "precision": 0.6858407079646017,
    "recall": 0.5730129390018485,
    "f1-score": 0.6243705941591138,
    "support": 541.0
  },
  "3": {
    "precision": 0.7557692307692307,
    "recall": 0.6943462897526502,
    "f1-score": 0.7237569060773481,
    "support": 566.0
  },
  "4": {
    "precision": 0.6681818181818182,
    "recall": 0.5653846153846154,
    "f1-score": 0.6125,
    "support": 520.0
  },
  "5": {
    "precision": 0.6837606837606838,
    "recall": 0.5614035087719298,
    "f1-score": 0.6165703275529865,
    "support": 570.0
  },
  "6": {
    "precision": 0.748046875,
    "recall": 0.697632058287796,
    "f1-score": 0.7219604147031102,
    "support": 549.0
  },
  "7": {
    "precision": 0.768361581920904,
    "recall": 0.7555555555555555,
    "f1-score": 0.7619047619047619,
    "support": 540.0
  },
  "8": {
    "precision": 0.647450110864745,
    "recall": 0.5377532228360957,
    "f1-score": 0.5875251509054326,
    "support": 543.0
  },
  "9": {
    "precision": 0.5586510263929618,
    "recall": 0.6649214659685864,
    "f1-score": 0.6071713147410358,
    "support": 573.0
  },
  "10": {
    "precision": 0.6282828282828283,
    "recall": 0.557347670250896,
    "f1-score": 0.5906932573599241,
    "support": 558.0
  },
  "11": {
    "precision": 0.3812741312741313,
    "recall": 0.6786941580756014,
    "f1-score": 0.48825710754017304,
    "support": 582.0
  },
  "12": {
    "precision": 0.6591760299625468,
    "recall": 0.6132404181184669,
    "f1-score": 0.6353790613718412,
    "support": 574.0
  },
  "13": {
    "precision": 0.5397412199630314,
    "recall": 0.5626204238921002,
    "f1-score": 0.5509433962264151,
    "support": 519.0
  },
  "14": {
    "precision": 0.702755905511811,
    "recall": 0.6307420494699647,
    "f1-score": 0.664804469273743,
    "support": 566.0
  },
  "15": {
    "precision": 0.5187713310580204,
    "recall": 0.27787934186471663,
    "f1-score": 0.3619047619047619,
    "support": 547.0
  },
  "16": {
    "precision": 0.6512915129151291,
    "recall": 0.6236749116607774,
    "f1-score": 0.6371841155234657,
    "support": 566.0
  },
  "17": {
    "precision": 0.6411657559198543,
    "recall": 0.597623089983022,
    "f1-score": 0.6186291739894552,
    "support": 589.0
  },
  "18": {
    "precision": 0.4473684210526316,
    "recall": 0.24416517055655296,
    "f1-score": 0.3159117305458769,
    "support": 557.0
  },
  "19": {
    "precision": 0.5516569200779727,
    "recall": 0.507168458781362,
    "f1-score": 0.5284780578898226,
    "support": 558.0
  },
  "20": {
    "precision": 0.5402985074626866,
    "recall": 0.6441281138790036,
    "f1-score": 0.5876623376623377,
    "support": 562.0
  },
  "21": {
    "precision": 0.22615803814713897,
    "recall": 0.1404399323181049,
    "f1-score": 0.1732776617954071,
    "support": 591.0
  },
  "22": {
    "precision": 0.8247787610619469,
    "recall": 0.7884940778341794,
    "f1-score": 0.8062283737024222,
    "support": 591.0
  },
  "23": {
    "precision": 0.6412371134020619,
    "recall": 0.6050583657587548,
    "f1-score": 0.6226226226226226,
    "support": 514.0
  },
  "24": {
    "precision": 0.35375494071146246,
    "recall": 0.6741996233521658,
    "f1-score": 0.46403110823071936,
    "support": 531.0
  },
  "25": {
    "precision": 0.6086956521739131,
    "recall": 0.6110056925996205,
    "f1-score": 0.6098484848484849,
    "support": 527.0
  },
  "26": {
    "precision": 0.5696969696969697,
    "recall": 0.7704918032786885,
    "f1-score": 0.6550522648083623,
    "support": 610.0
  },
  "27": {
    "precision": 0.6227390180878553,
    "recall": 0.45817490494296575,
    "f1-score": 0.5279299014238773,
    "support": 526.0
  },
  "28": {
    "precision": 0.613747954173486,
    "recall": 0.6555944055944056,
    "f1-score": 0.6339814032121724,
    "support": 572.0
  },
  "29": {
    "precision": 0.7622641509433963,
    "recall": 0.6812816188870152,
    "f1-score": 0.7195013357079252,
    "support": 593.0
  },
  "30": {
    "precision": 0.5450733752620545,
    "recall": 0.4406779661016949,
    "f1-score": 0.4873477038425492,
    "support": 590.0
  },
  "31": {
    "precision": 0.6446700507614214,
    "recall": 0.6649214659685864,
    "f1-score": 0.654639175257732,
    "support": 573.0
  },
  "32": {
    "precision": 0.6580547112462006,
    "recall": 0.793040293040293,
    "f1-score": 0.7192691029900332,
    "support": 546.0
  },
  "33": {
    "precision": 0.7572614107883817,
    "recall": 0.6612318840579711,
    "f1-score": 0.7059961315280464,
    "support": 552.0
  },
  "34": {
    "precision": 0.5534804753820034,
    "recall": 0.5948905109489051,
    "f1-score": 0.5734388742304309,
    "support": 548.0
  },
  "35": {
    "precision": 0.7114337568058077,
    "recall": 0.6782006920415224,
    "f1-score": 0.6944198405668733,
    "support": 578.0
  },
  "36": {
    "precision": 0.5640495867768595,
    "recall": 0.4918918918918919,
    "f1-score": 0.5255052935514918,
    "support": 555.0
  },
  "37": {
    "precision": 0.6614035087719298,
    "recall": 0.6842105263157895,
    "f1-score": 0.6726137377341659,
    "support": 551.0
  },
  "38": {
    "precision": 0.7658730158730159,
    "recall": 0.7121771217712177,
    "f1-score": 0.7380497131931166,
    "support": 542.0
  },
  "39": {
    "precision": 0.7104761904761905,
    "recall": 0.6322033898305085,
    "f1-score": 0.6690582959641256,
    "support": 590.0
  },
  "40": {
    "precision": 0.46677471636953,
    "recall": 0.5343228200371057,
    "f1-score": 0.4982698961937716,
    "support": 539.0
  },
  "41": {
    "precision": 0.3768844221105528,
    "recall": 0.26548672566371684,
    "f1-score": 0.3115264797507788,
    "support": 565.0
  },
  "42": {
    "precision": 0.7096774193548387,
    "recall": 0.6863084922010398,
    "f1-score": 0.6977973568281939,
    "support": 577.0
  },
  "43": {
    "precision": 0.6322188449848024,
    "recall": 0.7062818336162988,
    "f1-score": 0.6672012830793905,
    "support": 589.0
  },
  "44": {
    "precision": 0.3979591836734694,
    "recall": 0.2732049036777583,
    "f1-score": 0.32398753894080995,
    "support": 571.0
  },
  "45": {
    "precision": 0.5476772616136919,
    "recall": 0.8436911487758946,
    "f1-score": 0.6641957005189029,
    "support": 531.0
  },
  "46": {
    "precision": 0.5486725663716814,
    "recall": 0.5506216696269982,
    "f1-score": 0.549645390070922,
    "support": 563.0
  },
  "accuracy": 0.5911474164133739,
  "macro avg": {
    "precision": 0.5989993007762163,
    "recall": 0.5910690535217926,
    "f1-score": 0.5870984339557155,
    "support": 26320.0
  },
  "weighted avg": {
    "precision": 0.5989533189578901,
    "recall": 0.5911474164133739,
    "f1-score": 0.5871507109342581,
    "support": 26320.0
  }
}