{
  "0": {
    "precision": 0.9731884057971014,
    "recall": 0.9918759231905465,
    "f1-score": 0.9824433065106072,
    "support": 1354.0
  },
  "1": {
    "precision": 0.9676452965847813,
    "recall": 0.9938461538461538,
    "f1-score": 0.9805707346690953,
    "support": 1625.0
  },
  "2": {
    "precision": 0.9874815905743741,
    "recall": 0.9738562091503268,
    "f1-score": 0.9806215722120658,
    "support": 1377.0
  },
  "3": {
    "precision": 0.9696755994358252,
    "recall": 0.9669479606188467,
    "f1-score": 0.9683098591549296,
    "support": 1422.0
  },
  "4": {
    "precision": 0.9762589928057553,
    "recall": 0.9755571531272466,
    "f1-score": 0.9759079467817332,
    "support": 1391.0
  },
  "5": {
    "precision": 0.9605873261205564,
    "recall": 0.9673151750972763,
    "f1-score": 0.9639395114385421,
    "support": 1285.0
  },
  "6": {
    "precision": 0.9762611275964391,
    "recall": 0.9939577039274925,
    "f1-score": 0.9850299401197605,
    "support": 1324.0
  },
  "7": {
    "precision": 0.9680170575692963,
    "recall": 0.9666430092264017,
    "f1-score": 0.9673295454545454,
    "support": 1409.0
  },
  "8": {
    "precision": 0.9932785660941,
    "recall": 0.9261838440111421,
    "f1-score": 0.9585585585585585,
    "support": 1436.0
  },
  "9": {
    "precision": 0.9520400858983536,
    "recall": 0.9658678286129266,
    "f1-score": 0.958904109589041,
    "support": 1377.0
  },
  "accuracy": 0.9722857142857143,
  "macro avg": {
    "precision": 0.9724434048476583,
    "recall": 0.972205096080836,
    "f1-score": 0.9721615084488879,
    "support": 14000.0
  },
  "weighted avg": {
    "precision": 0.9724932514515647,
    "recall": 0.9722857142857143,
    "f1-score": 0.9722218893526501,
    "support": 14000.0
  }
}