{
  "class_labels": [
    0,
    1,
    2,
    3,
    4,
    5,
    6,
    7,
    8,
    9
  ],
  "roc_auc_macro_ovr": 0.9956202728133959,
  "roc_curves": {
    "0": {
      "fpr": [
        0.0,
        0.0005535347145342401,
        0.0010279930412778744,
        0.001976909694765143,
        0.003953819389530286,
        0.009093784595919658,
        1.0
      ],
      "tpr": [
        0.0,
        0.9741506646971935,
        0.9852289512555391,
        0.9911373707533235,
        0.9940915805022157,
        0.9970457902511078,
        1.0
      ]
    },
    "1": {
      "fpr": [
        0.0,
        0.0015353535353535353,
        0.0030707070707070706,
        0.00404040404040404,
        0.00597979797979798,
        0.010505050505050505,
        1.0
      ],
      "tpr": [
        0.0,
        0.9778461538461538,
        0.984,
        0.9907692307692307,
        0.9950769230769231,
        0.9981538461538462,
        1.0
      ]
    },
    "2": {
      "fpr": [
        0.0,
        0.00031688188227838076,
        0.0003961023528479759,
        0.0009506456468351422,
        0.0024558345876574505,
        0.007684385645250732,
        1.0
      ],
      "tpr": [
        0.0,
        0.8845315904139434,
        0.9419026870007262,
        0.9658678286129266,
        0.9818445896877269,
        0.9920116194625999,
        1.0
      ]
    },
    "3": {
      "fpr": [
        0.0,
        0.00023851168707266656,
        0.001113054539672444,
        0.00278263634918111,
        0.0068373350294164414,
        0.021227540149467324,
        1.0
      ],
      "tpr": [
        0.0,
        0.8670886075949367,
        0.9353023909985936,
        0.9592123769338959,
        0.9781997187060478,
        0.9880450070323488,
        1.0
      ]
    },
    "4": {
      "fpr": [
        0.0,
        0.00023792529145848205,
        0.0008723927353477674,
        0.0020620191926401777,
        0.004441272107224998,
        0.012292806725354904,
        1.0
      ],
      "tpr": [
        0.0,
        0.8741912293314162,
        0.9381739755571531,
        0.9698058950395398,
        0.9899352983465133,
        0.9935298346513299,
        1.0
      ]
    },
    "5": {
      "fpr": [
        0.0,
        0.00039323633503735744,
        0.0011797090051120724,
        0.0029885961462839165,
        0.007550137632717263,
        0.02005505308690523,
        1.0
      ],
      "tpr": [
        0.0,
        0.8505836575875486,
        0.9221789883268483,
        0.9657587548638132,
        0.980544747081712,
        0.9914396887159533,
        1.0
      ]
    },
    "6": {
      "fpr": [
        0.0,
        0.0003155569580309246,
        0.0010255601136005049,
        0.0022877879457242033,
        0.004970022088987062,
        0.008598927106342694,
        1.0
      ],
      "tpr": [
        0.0,
        0.9569486404833837,
        0.979607250755287,
        0.9924471299093656,
        0.9969788519637462,
        0.9992447129909365,
        1.0
      ]
    },
    "7": {
      "fpr": [
        0.0,
        0.0007942180922881424,
        0.0019061234214915416,
        0.0030974505599237552,
        0.006592010165991581,
        0.016837423556508618,
        1.0
      ],
      "tpr": [
        0.0,
        0.915542938254081,
        0.9467707594038325,
        0.9659332860184529,
        0.9815471965933286,
        0.9921930447125621,
        1.0
      ]
    },
    "8": {
      "fpr": [
        0.0,
        0.0,
        0.0002387774594078319,
        0.000557147405284941,
        0.002228589621139764,
        0.007879656160458453,
        1.0
      ],
      "tpr": [
        0.0,
        0.7736768802228412,
        0.8774373259052924,
        0.9233983286908078,
        0.9526462395543176,
        0.9784122562674095,
        1.0
      ]
    },
    "9": {
      "fpr": [
        0.0,
        0.0015051889408223085,
        0.0023766141170878555,
        0.005228551057593282,
        0.01085320446803454,
        0.026697298581953577,
        1.0
      ],
      "tpr": [
        0.0,
        0.8511256354393609,
        0.9295570079883806,
        0.9651416122004357,
        0.981118373275236,
        0.9934640522875817,
        1.0
      ]
    }
  }
}