{
  "0": {
    "precision": 0.9506889050036258,
    "recall": 0.9682422451994092,
    "f1-score": 0.9593852908891328,
    "support": 1354.0
  },
  "1": {
    "precision": 0.9590714722052535,
    "recall": 0.9661538461538461,
    "f1-score": 0.9625996321275291,
    "support": 1625.0
  },
  "2": {
    "precision": 0.9160419790104948,
    "recall": 0.8874364560639071,
    "f1-score": 0.901512357063814,
    "support": 1377.0
  },
  "3": {
    "precision": 0.8986013986013986,
    "recall": 0.9036568213783404,
    "f1-score": 0.9011220196353437,
    "support": 1422.0
  },
  "4": {
    "precision": 0.9132546842470507,
    "recall": 0.9460819554277499,
    "f1-score": 0.9293785310734464,
    "support": 1391.0
  },
  "5": {
    "precision": 0.899505766062603,
    "recall": 0.8498054474708171,
    "f1-score": 0.8739495798319328,
    "support": 1285.0
  },
  "6": {
    "precision": 0.945724907063197,
    "recall": 0.9607250755287009,
    "f1-score": 0.9531659797677032,
    "support": 1324.0
  },
  "7": {
    "precision": 0.9325681492109039,
    "recall": 0.9226401703335699,
    "f1-score": 0.9275775954334642,
    "support": 1409.0
  },
  "8": {
    "precision": 0.8859957776213934,
    "recall": 0.8767409470752089,
    "f1-score": 0.8813440672033601,
    "support": 1436.0
  },
  "9": {
    "precision": 0.8889679715302491,
    "recall": 0.9070442992011619,
    "f1-score": 0.8979151689432063,
    "support": 1377.0
  },
  "accuracy": 0.9197142857142857,
  "macro avg": {
    "precision": 0.919042101055617,
    "recall": 0.9188527263832713,
    "f1-score": 0.9187950221968932,
    "support": 14000.0
  },
  "weighted avg": {
    "precision": 0.9195467301033207,
    "recall": 0.9197142857142857,
    "f1-score": 0.9194849084138329,
    "support": 14000.0
  }
}