{
  "0": {
    "precision": 0.9506889050036258,
    "recall": 0.9682422451994092,
    "f1-score": 0.9593852908891328,
    "support": 1354.0
  },
  "1": {
    "precision": 0.9584859584859585,
    "recall": 0.9661538461538461,
    "f1-score": 0.9623046276432731,
    "support": 1625.0
  },
  "2": {
    "precision": 0.9160419790104948,
    "recall": 0.8874364560639071,
    "f1-score": 0.901512357063814,
    "support": 1377.0
  },
  "3": {
    "precision": 0.8992302309307207,
    "recall": 0.9036568213783404,
    "f1-score": 0.9014380918975798,
    "support": 1422.0
  },
  "4": {
    "precision": 0.9132546842470507,
    "recall": 0.9460819554277499,
    "f1-score": 0.9293785310734464,
    "support": 1391.0
  },
  "5": {
    "precision": 0.8995884773662551,
    "recall": 0.8505836575875486,
    "f1-score": 0.8744,
    "support": 1285.0
  },
  "6": {
    "precision": 0.9450222882615156,
    "recall": 0.9607250755287009,
    "f1-score": 0.952808988764045,
    "support": 1324.0
  },
  "7": {
    "precision": 0.9326164874551971,
    "recall": 0.9233498935415189,
    "f1-score": 0.927960057061341,
    "support": 1409.0
  },
  "8": {
    "precision": 0.8872445384073291,
    "recall": 0.8767409470752089,
    "f1-score": 0.8819614711033275,
    "support": 1436.0
  },
  "9": {
    "precision": 0.8896011396011396,
    "recall": 0.9070442992011619,
    "f1-score": 0.8982380438691119,
    "support": 1377.0
  },
  "accuracy": 0.9198571428571428,
  "macro avg": {
    "precision": 0.9191774688769287,
    "recall": 0.9190015197157392,
    "f1-score": 0.9189387459365073,
    "support": 14000.0
  },
  "weighted avg": {
    "precision": 0.9196790128189377,
    "recall": 0.9198571428571428,
    "f1-score": 0.9196239288069834,
    "support": 14000.0
  }
}