{
  "0": {
    "precision": 0.951378809869376,
    "recall": 0.9682422451994092,
    "f1-score": 0.9597364568081991,
    "support": 1354.0
  },
  "1": {
    "precision": 0.9590714722052535,
    "recall": 0.9661538461538461,
    "f1-score": 0.9625996321275291,
    "support": 1625.0
  },
  "2": {
    "precision": 0.9160419790104948,
    "recall": 0.8874364560639071,
    "f1-score": 0.901512357063814,
    "support": 1377.0
  },
  "3": {
    "precision": 0.8986013986013986,
    "recall": 0.9036568213783404,
    "f1-score": 0.9011220196353437,
    "support": 1422.0
  },
  "4": {
    "precision": 0.912621359223301,
    "recall": 0.9460819554277499,
    "f1-score": 0.9290504765266502,
    "support": 1391.0
  },
  "5": {
    "precision": 0.8995884773662551,
    "recall": 0.8505836575875486,
    "f1-score": 0.8744,
    "support": 1285.0
  },
  "6": {
    "precision": 0.945724907063197,
    "recall": 0.9607250755287009,
    "f1-score": 0.9531659797677032,
    "support": 1324.0
  },
  "7": {
    "precision": 0.9325681492109039,
    "recall": 0.9226401703335699,
    "f1-score": 0.9275775954334642,
    "support": 1409.0
  },
  "8": {
    "precision": 0.8866197183098592,
    "recall": 0.8767409470752089,
    "f1-score": 0.8816526610644257,
    "support": 1436.0
  },
  "9": {
    "precision": 0.8889679715302491,
    "recall": 0.9070442992011619,
    "f1-score": 0.8979151689432063,
    "support": 1377.0
  },
  "accuracy": 0.9197857142857143,
  "macro avg": {
    "precision": 0.9191184242390289,
    "recall": 0.9189305473949444,
    "f1-score": 0.9188732347370336,
    "support": 14000.0
  },
  "weighted avg": {
    "precision": 0.9196221185986077,
    "recall": 0.9197857142857143,
    "f1-score": 0.919559271662424,
    "support": 14000.0
  }
}