{
  "0": {
    "precision": 0.9506889050036258,
    "recall": 0.9682422451994092,
    "f1-score": 0.9593852908891328,
    "support": 1354.0
  },
  "1": {
    "precision": 0.9584859584859585,
    "recall": 0.9661538461538461,
    "f1-score": 0.9623046276432731,
    "support": 1625.0
  },
  "2": {
    "precision": 0.9167291822955739,
    "recall": 0.8874364560639071,
    "f1-score": 0.9018450184501845,
    "support": 1377.0
  },
  "3": {
    "precision": 0.8986013986013986,
    "recall": 0.9036568213783404,
    "f1-score": 0.9011220196353437,
    "support": 1422.0
  },
  "4": {
    "precision": 0.9126819126819127,
    "recall": 0.9468008626887131,
    "f1-score": 0.9294283697953423,
    "support": 1391.0
  },
  "5": {
    "precision": 0.899505766062603,
    "recall": 0.8498054474708171,
    "f1-score": 0.8739495798319328,
    "support": 1285.0
  },
  "6": {
    "precision": 0.9450222882615156,
    "recall": 0.9607250755287009,
    "f1-score": 0.952808988764045,
    "support": 1324.0
  },
  "7": {
    "precision": 0.9325681492109039,
    "recall": 0.9226401703335699,
    "f1-score": 0.9275775954334642,
    "support": 1409.0
  },
  "8": {
    "precision": 0.8866197183098592,
    "recall": 0.8767409470752089,
    "f1-score": 0.8816526610644257,
    "support": 1436.0
  },
  "9": {
    "precision": 0.8902352102637205,
    "recall": 0.9070442992011619,
    "f1-score": 0.8985611510791367,
    "support": 1377.0
  },
  "accuracy": 0.9197857142857143,
  "macro avg": {
    "precision": 0.9191138489177071,
    "recall": 0.9189246171093675,
    "f1-score": 0.9188635302586281,
    "support": 14000.0
  },
  "weighted avg": {
    "precision": 0.9196116439000203,
    "recall": 0.9197857142857143,
    "f1-score": 0.9195497669996254,
    "support": 14000.0
  }
}