{
  "0": {
    "precision": 0.951378809869376,
    "recall": 0.9682422451994092,
    "f1-score": 0.9597364568081991,
    "support": 1354.0
  },
  "1": {
    "precision": 0.9584859584859585,
    "recall": 0.9661538461538461,
    "f1-score": 0.9623046276432731,
    "support": 1625.0
  },
  "2": {
    "precision": 0.9161048689138577,
    "recall": 0.888162672476398,
    "f1-score": 0.9019174041297935,
    "support": 1377.0
  },
  "3": {
    "precision": 0.8986013986013986,
    "recall": 0.9036568213783404,
    "f1-score": 0.9011220196353437,
    "support": 1422.0
  },
  "4": {
    "precision": 0.9133148404993066,
    "recall": 0.9468008626887131,
    "f1-score": 0.9297564419343453,
    "support": 1391.0
  },
  "5": {
    "precision": 0.8995884773662551,
    "recall": 0.8505836575875486,
    "f1-score": 0.8744,
    "support": 1285.0
  },
  "6": {
    "precision": 0.945724907063197,
    "recall": 0.9607250755287009,
    "f1-score": 0.9531659797677032,
    "support": 1324.0
  },
  "7": {
    "precision": 0.9325681492109039,
    "recall": 0.9226401703335699,
    "f1-score": 0.9275775954334642,
    "support": 1409.0
  },
  "8": {
    "precision": 0.8872445384073291,
    "recall": 0.8767409470752089,
    "f1-score": 0.8819614711033275,
    "support": 1436.0
  },
  "9": {
    "precision": 0.8896011396011396,
    "recall": 0.9070442992011619,
    "f1-score": 0.8982380438691119,
    "support": 1377.0
  },
  "accuracy": 0.9199285714285714,
  "macro avg": {
    "precision": 0.9192613088018723,
    "recall": 0.9190750597622899,
    "f1-score": 0.9190180040324561,
    "support": 14000.0
  },
  "weighted avg": {
    "precision": 0.919755610466578,
    "recall": 0.9199285714285714,
    "f1-score": 0.919698444190558,
    "support": 14000.0
  }
}