{
  "0": {
    "precision": 0.6015037593984962,
    "recall": 0.7476635514018691,
    "f1-score": 0.6666666666666666,
    "support": 107.0
  },
  "1": {
    "precision": 0.5970149253731343,
    "recall": 0.43010752688172044,
    "f1-score": 0.5,
    "support": 93.0
  },
  "accuracy": 0.6,
  "macro avg": {
    "precision": 0.5992593423858152,
    "recall": 0.5888855391417948,
    "f1-score": 0.5833333333333333,
    "support": 200.0
  },
  "weighted avg": {
    "precision": 0.5994164515767029,
    "recall": 0.6,
    "f1-score": 0.5891666666666666,
    "support": 200.0
  }
}